<?xml version="1.0"?>
<!DOCTYPE hibernate-mapping PUBLIC "-//Hibernate/Hibernate Mapping DTD 3.0//EN"
"http://hibernate.sourceforge.net/hibernate-mapping-3.0.dtd">
<!-- Generated Apr 27, 2012 12:30:06 PM by Hibernate Tools 3.2.1.GA -->
<hibernate-mapping>
    <class name="database.mapping.Occupation" table="OCCUPATION" schema="GUEST">
        <id name="id" type="long">
            <column name="ID" precision="10" scale="0" />
        </id>
        <property name="posName" type="string">
            <column name="POS_NAME" length="25" />
        </property>
        <set name="employees" inverse="true">
            <key>
                <column name="POSITION_ID" precision="10" scale="0" />
            </key>
            <one-to-many class="database.mapping.Employee" />
        </set>
    </class>
</hibernate-mapping>
