<?xml version="1.0"?>
<!DOCTYPE hibernate-mapping PUBLIC "-//Hibernate/Hibernate Mapping DTD 3.0//EN"
"http://hibernate.sourceforge.net/hibernate-mapping-3.0.dtd">
<!-- Generated Apr 27, 2012 12:30:06 PM by Hibernate Tools 3.2.1.GA -->
<hibernate-mapping>
    <class name="database.mapping.Trf" table="TRF" schema="GUEST">
        <id name="id" type="long">
            <column name="ID" precision="10" scale="0" />
            <generator class="sequence">
                <param name="sequence">trf_id_seq</param>
            </generator>
        </id>
        <many-to-one name="customer" class="database.mapping.Customer" fetch="select">
            <column name="CUSTOMER_ID" precision="10" scale="0" />
        </many-to-one>
        <many-to-one name="destination" class="database.mapping.Destination" fetch="select">
            <column name="DESTINATION_ID" precision="10" scale="0" />
        </many-to-one>
        <many-to-one name="employeeByProjectManager" class="database.mapping.Employee" fetch="select">
            <column name="PROJECT_MANAGER" precision="10" scale="0" />
        </many-to-one>
        <many-to-one name="employeeByEmpId" class="database.mapping.Employee" fetch="select">
            <column name="EMP_ID" precision="10" scale="0" />
        </many-to-one>
        <property name="beginDate" type="date">
            <column name="BEGIN_DATE" length="7" />
        </property>
        <property name="endDate" type="date">
            <column name="END_DATE" length="7" />
        </property>
        <property name="carRental" type="java.lang.Boolean">
            <column name="CAR_RENTAL" precision="1" scale="0" />
        </property>
        <property name="payByCash" type="java.lang.Boolean">
            <column name="PAY_BY_CASH" precision="1" scale="0" />
        </property>
        <property name="curState" type="java.lang.Short">
            <column name="CUR_STATE" precision="1" scale="0" />
        </property>
        <set name="trfstates" inverse="true">
            <key>
                <column name="TRF_ID" precision="10" scale="0" />
            </key>
            <one-to-many class="database.mapping.Trfstate" />
        </set>
    </class>
</hibernate-mapping>
