<?xml version="1.0"?>
<!DOCTYPE hibernate-mapping PUBLIC "-//Hibernate/Hibernate Mapping DTD 3.0//EN"
"http://hibernate.sourceforge.net/hibernate-mapping-3.0.dtd">
<!-- Generated Apr 27, 2012 12:30:06 PM by Hibernate Tools 3.2.1.GA -->
<hibernate-mapping>
    <class name="database.mapping.Department" table="DEPARTMENT" schema="GUEST">
        <id name="id" type="long">
            <column name="ID" precision="10" scale="0" />
        </id>
        <many-to-one name="department" class="database.mapping.Department" fetch="select">
            <column name="PARENT_ID" precision="10" scale="0" />
        </many-to-one>
        <property name="depName" type="string">
            <column name="DEP_NAME" length="40" />
        </property>
        <property name="managerId" type="java.lang.Long">
            <column name="MANAGER_ID" precision="10" scale="0" unique="true" />
        </property>
        <set name="departments" inverse="true">
            <key>
                <column name="PARENT_ID" precision="10" scale="0" />
            </key>
            <one-to-many class="database.mapping.Department" />
        </set>
        <set name="employees" inverse="true">
            <key>
                <column name="DEP_ID" precision="10" scale="0" />
            </key>
            <one-to-many class="database.mapping.Employee" />
        </set>
        <set name="deprole" table="roledep" 
                     inverse="false" lazy="true" fetch="select" cascade="all" >
            <key>
                <column name="DEP_ID" not-null="true" />
            </key>
            <many-to-many entity-name="database.mapping.Deprole">
                <column name="ROLE_ID" not-null="true" />
            </many-to-many>
        </set>
    </class>
</hibernate-mapping>
