<?xml version="1.0" encoding="UTF-8"?>
<!DOCTYPE hibernate-mapping PUBLIC "-//Hibernate/Hibernate Mapping DTD 3.0//EN" "http://hibernate.sourceforge.net/hibernate-mapping-3.0.dtd">
<!-- Generated Apr 27, 2012 12:30:06 PM by Hibernate Tools 3.2.1.GA -->
<hibernate-mapping>
  <class name="database.mapping.Deprole" schema="GUEST" table="DEPROLE">
    <id name="id" type="long">
      <column name="ID" precision="10" scale="0"/>
      <generator class="assigned"/>
    </id>
    <property name="roleName" type="string">
      <column length="200" name="ROLE_NAME"/>
    </property>
    <set cascade="all" fetch="select" inverse="true" lazy="true" name="department" table="roledep">
      <key>
        <column name="ROLE_ID" not-null="true"/>
      </key>
      <many-to-many entity-name="database.mapping.Department">
        <column name="DEP_ID" not-null="true"/>
      </many-to-many>
    </set>
  </class>
</hibernate-mapping>
