<?xml version="1.0"?>
<!DOCTYPE hibernate-mapping PUBLIC "-//Hibernate/Hibernate Mapping DTD 3.0//EN"
"http://hibernate.sourceforge.net/hibernate-mapping-3.0.dtd">
<!-- Generated Apr 27, 2012 12:30:06 PM by Hibernate Tools 3.2.1.GA -->
<hibernate-mapping>
    <class name="database.mapping.City" table="CITY" schema="GUEST">
        <id name="id" type="long">
            <column name="ID" precision="10" scale="0" />
        </id>
        <many-to-one name="country" class="database.mapping.Country" fetch="select">
            <column name="COUNTRY_ID" precision="10" scale="0" />
        </many-to-one>
        <property name="cityName" type="string">
            <column name="CITY_NAME" length="20" />
        </property>
        <set name="destinations" inverse="true">
            <key>
                <column name="CITY_ID" precision="10" scale="0" />
            </key>
            <one-to-many class="database.mapping.Destination" />
        </set>
        <set name="offices" inverse="true">
            <key>
                <column name="CITY_ID" precision="10" scale="0" />
            </key>
            <one-to-many class="database.mapping.Office" />
        </set>
    </class>
</hibernate-mapping>
