<?xml version="1.0"?>
<!DOCTYPE hibernate-mapping PUBLIC "-//Hibernate/Hibernate Mapping DTD 3.0//EN"
"http://hibernate.sourceforge.net/hibernate-mapping-3.0.dtd">
<!-- Generated Apr 27, 2012 12:30:06 PM by Hibernate Tools 3.2.1.GA -->
<hibernate-mapping>
    <class name="database.mapping.Employee" table="EMPLOYEE" schema="GUEST">
        <id name="id" type="long">
            <column name="ID" precision="10" scale="0" />
        </id>
        <many-to-one name="occupation" class="database.mapping.Occupation" fetch="select">
            <column name="POSITION_ID" precision="10" scale="0" />
        </many-to-one>
        <many-to-one name="office" class="database.mapping.Office" fetch="select">
            <column name="OFFICE_ID" precision="10" scale="0" />
        </many-to-one>
        <many-to-one name="department" class="database.mapping.Department" fetch="select">
            <column name="DEP_ID" precision="10" scale="0" />
        </many-to-one>
        <property name="firstName" type="string">
            <column name="FIRST_NAME" length="20" />
        </property>
        <property name="secondName" type="string">
            <column name="SECOND_NAME" length="20" />
        </property>
        <property name="email" type="string">
            <column name="EMAIL" length="256" />
        </property>
        <property name="login" type="string">
            <column name="LOGIN" length="20" unique="true" />
        </property>
        <property name="password" type="string">
            <column name="PASSWORD" length="30" />
        </property>
        <set name="trfsForEmpId" inverse="true">
            <key>
                <column name="EMP_ID" precision="10" scale="0" />
            </key>
            <one-to-many class="database.mapping.Trf" />
        </set>
        <set name="trfsForProjectManager" inverse="true">
            <key>
                <column name="PROJECT_MANAGER" precision="10" scale="0" />
            </key>
            <one-to-many class="database.mapping.Trf" />
        </set>
    </class>
</hibernate-mapping>
