<?xml version="1.0"?>
<!DOCTYPE hibernate-mapping PUBLIC "-//Hibernate/Hibernate Mapping DTD 3.0//EN"
"http://hibernate.sourceforge.net/hibernate-mapping-3.0.dtd">
<!-- Generated Apr 27, 2012 12:30:06 PM by Hibernate Tools 3.2.1.GA -->
<hibernate-mapping>
    <class name="database.mapping.Trfstate" table="TRFSTATE" schema="GUEST">
        <id name="id" type="long">
            <column name="ID" precision="10" scale="0" />
            <generator class="sequence">
                <param name="sequence">trfstate_id_seq</param>
            </generator>
        </id>
        <many-to-one name="trf" class="database.mapping.Trf" fetch="select">
            <column name="TRF_ID" precision="10" scale="0" />
        </many-to-one>
        <property name="commentary" type="string">
            <column name="COMMENTARY" length="1000" />
        </property>
        <property name="changeDate" type="date">
            <column name="CHANGE_DATE" length="7" />
        </property>
        <property name="status" type="java.lang.Short">
            <column name="STATUS" precision="1" scale="0" />
        </property>
        <property name="changer" type="java.lang.Long">
            <column name="CHANGER" precision="10" scale="0" />
        </property>
    </class>
</hibernate-mapping>
